-- This works for H2
ALTER SEQUENCE account_id_sequence RESTART WITH 10000000000;
ALTER SEQUENCE account_user_info_id_sequence RESTART WITH 1;
ALTER SEQUENCE employee_id_sequence RESTART WITH 1;

INSERT INTO account (id, account_holder_name, balance) VALUES (NEXT VALUE FOR account_id_sequence, 'Ava Collins', 1250.00);
INSERT INTO account (id, account_holder_name, balance) VALUES (NEXT VALUE FOR account_id_sequence, 'Ben Hart', 80.50);
INSERT INTO account (id, account_holder_name, balance) VALUES (NEXT VALUE FOR account_id_sequence, 'Chloe Nguyen', 5420.75);
INSERT INTO account (id, account_holder_name, balance) VALUES (NEXT VALUE FOR account_id_sequence, 'Daniel Ortiz', 15.25);
INSERT INTO account (id, account_holder_name, balance) VALUES (NEXT VALUE FOR account_id_sequence, 'Elena Rossi', 300.00);
INSERT INTO account (id, account_holder_name, balance) VALUES (NEXT VALUE FOR account_id_sequence, 'Finn Patel', 980.10);
INSERT INTO account (id, account_holder_name, balance) VALUES (NEXT VALUE FOR account_id_sequence, 'Grace Lee', 210.00);
INSERT INTO account (id, account_holder_name, balance) VALUES (NEXT VALUE FOR account_id_sequence, 'Henry Zhao', 760.40);
INSERT INTO account (id, account_holder_name, balance) VALUES (NEXT VALUE FOR account_id_sequence, 'Iris Kim', 25.00);
INSERT INTO account (id, account_holder_name, balance) VALUES (NEXT VALUE FOR account_id_sequence, 'Jacob Smith', 1999.99);
INSERT INTO account (id, account_holder_name, balance) VALUES (NEXT VALUE FOR account_id_sequence, 'James Brown', 420.00);
INSERT INTO account (id, account_holder_name, balance) VALUES (NEXT VALUE FOR account_id_sequence, 'Katie Wilson', 615.50);
INSERT INTO account (id, account_holder_name, balance) VALUES (NEXT VALUE FOR account_id_sequence, 'Lucas Martinez', 890.25);
INSERT INTO account (id, account_holder_name, balance) VALUES (NEXT VALUE FOR account_id_sequence, 'Katie Wilson', 300.00);

INSERT INTO account_user_info (id, account_id, account_user_email, account_user_mobile, account_user_address, created_at) VALUES (NEXT VALUE FOR account_user_info_id_sequence, 10000000000, 'ava.collins@example.com', '0412345678', '12 River Rd, Sydney NSW', TIMESTAMP '2026-02-10 09:00:00');
INSERT INTO account_user_info (id, account_id, account_user_email, account_user_mobile, account_user_address, created_at) VALUES (NEXT VALUE FOR account_user_info_id_sequence, 10000000001, 'ben.hart@example.com', '0412345679', '8 Hill St, Melbourne VIC', TIMESTAMP '2026-02-10 09:15:00');
INSERT INTO account_user_info (id, account_id, account_user_email, account_user_mobile, account_user_address, created_at) VALUES (NEXT VALUE FOR account_user_info_id_sequence, 10000000002, 'chloe.nguyen@example.com', '0412345680', '55 Lake Ave, Brisbane QLD', TIMESTAMP '2026-02-10 09:30:00');
INSERT INTO account_user_info (id, account_id, account_user_email, account_user_mobile, account_user_address, created_at) VALUES (NEXT VALUE FOR account_user_info_id_sequence, 10000000003, 'daniel.ortiz@example.com', '0412345681', '101 Bay Rd, Perth WA', TIMESTAMP '2026-02-10 09:45:00');
INSERT INTO account_user_info (id, account_id, account_user_email, account_user_mobile, account_user_address, created_at) VALUES (NEXT VALUE FOR account_user_info_id_sequence, 10000000004, 'elena.rossi@example.com', '0412345682', '22 Park St, Adelaide SA', TIMESTAMP '2026-02-10 10:00:00');
INSERT INTO account_user_info (id, account_id, account_user_email, account_user_mobile, account_user_address, created_at) VALUES (NEXT VALUE FOR account_user_info_id_sequence, 10000000005, 'finn.patel@example.com', '0412345683', '7 Ocean Dr, Hobart TAS', TIMESTAMP '2026-02-10 10:15:00');
INSERT INTO account_user_info (id, account_id, account_user_email, account_user_mobile, account_user_address, created_at) VALUES (NEXT VALUE FOR account_user_info_id_sequence, 10000000006, 'grace.lee@example.com', '0412345684', '33 King St, Canberra ACT', TIMESTAMP '2026-02-10 10:30:00');
INSERT INTO account_user_info (id, account_id, account_user_email, account_user_mobile, account_user_address, created_at) VALUES (NEXT VALUE FOR account_user_info_id_sequence, 10000000007, 'henry.zhao@example.com', '0412345685', '19 Queen St, Darwin NT', TIMESTAMP '2026-02-10 10:45:00');
INSERT INTO account_user_info (id, account_id, account_user_email, account_user_mobile, account_user_address, created_at) VALUES (NEXT VALUE FOR account_user_info_id_sequence, 10000000008, 'iris.kim@example.com', '0412345686', '4 Cedar Ln, Newcastle NSW', TIMESTAMP '2026-02-10 11:00:00');
INSERT INTO account_user_info (id, account_id, account_user_email, account_user_mobile, account_user_address, created_at) VALUES (NEXT VALUE FOR account_user_info_id_sequence, 10000000009, 'jacob.smith@example.com', '0412345687', '88 Market St, Geelong VIC', TIMESTAMP '2026-02-10 11:15:00');
INSERT INTO account_user_info (id, account_id, account_user_email, account_user_mobile, account_user_address, created_at) VALUES (NEXT VALUE FOR account_user_info_id_sequence, 10000000010, 'james.brown@example.com', '0412345688', '15 Oak Ave, Wollongong NSW', TIMESTAMP '2026-02-10 11:30:00');
INSERT INTO account_user_info (id, account_id, account_user_email, account_user_mobile, account_user_address, created_at) VALUES (NEXT VALUE FOR account_user_info_id_sequence, 10000000007, 'katie.wilson@example.com', '0412345689', '77 Pine Rd, Gold Coast QLD', TIMESTAMP '2026-02-10 11:45:00');
INSERT INTO account_user_info (id, account_id, account_user_email, account_user_mobile, account_user_address, created_at) VALUES (NEXT VALUE FOR account_user_info_id_sequence, 10000000008, 'katie.wilson@example.com', '0412345689', '77 Pine Rd, Gold Coast QLD', TIMESTAMP '2026-02-10 11:45:00');
INSERT INTO account_user_info (id, account_id, account_user_email, account_user_mobile, account_user_address, created_at) VALUES (NEXT VALUE FOR account_user_info_id_sequence, 10000000009, 'katie.wilson@example.com', '0412345689', '77 Pine Rd, Gold Coast QLD', TIMESTAMP '2026-02-10 11:45:00');
INSERT INTO account_user_info (id, account_id, account_user_email, account_user_mobile, account_user_address, created_at) VALUES (NEXT VALUE FOR account_user_info_id_sequence, 10000000012, 'lucas.martinez@example.com', '0412345690', '11 Maple St, Sunshine Coast QLD', TIMESTAMP '2026-02-10 12:00:00');
INSERT INTO account_user_info (id, account_id, account_user_email, account_user_mobile, account_user_address, created_at) VALUES (NEXT VALUE FOR account_user_info_id_sequence, 10000000011, 'katie1.wilson@example.com', '0412345689', '77 Pine Rd, Gold Coast QLD', TIMESTAMP '2026-02-10 11:23:00');
INSERT INTO account_user_info (id, account_id, account_user_email, account_user_mobile, account_user_address, created_at) VALUES (NEXT VALUE FOR account_user_info_id_sequence, 10000000011, 'katie2.wilson@example.com', '0412345689', '77 Pine Rd, Gold Coast QLD', TIMESTAMP '2026-02-10 11:12:00');
INSERT INTO account_user_info (id, account_id, account_user_email, account_user_mobile, account_user_address, created_at) VALUES (NEXT VALUE FOR account_user_info_id_sequence, 10000000011, 'katie3.wilson@example.com', '0412345689', '77 Pine Rd, Gold Coast QLD', TIMESTAMP '2026-02-10 11:32:00');
INSERT INTO account_user_info (id, account_id, account_user_email, account_user_mobile, account_user_address, created_at) VALUES (NEXT VALUE FOR account_user_info_id_sequence, 10000000011, 'fcuk@fcuk.com', '0226768407', '43 Domett Ave, Epsom, Auckland', TIMESTAMP '2026-02-10 11:38:00');
INSERT INTO account_user_info (id, account_id, account_user_email, account_user_mobile, account_user_address, created_at) VALUES (NEXT VALUE FOR account_user_info_id_sequence, 10000000012, 'katie4.wilson@example.com', '0412345689', '77 Pine Rd, Gold Coast QLD', TIMESTAMP '2026-02-10 11:43:00');
INSERT INTO account_user_info (id, account_id, account_user_email, account_user_mobile, account_user_address, created_at) VALUES (NEXT VALUE FOR account_user_info_id_sequence, 10000000013, 'katie5.wilson@example.com', '0412345689', '77 Pine Rd, Gold Coast QLD', TIMESTAMP '2026-02-10 11:34:00');
INSERT INTO account_user_info (id, account_id, account_user_email, account_user_mobile, account_user_address, created_at) VALUES (NEXT VALUE FOR account_user_info_id_sequence, 10000000013, 'katie6.wilson@example.com', '0412345689', '77 Pine Rd, Gold Coast QLD', TIMESTAMP '2026-02-10 11:35:00');

INSERT INTO employee (id, first_name, last_name, email, department) VALUES (NEXT VALUE FOR employee_id_sequence, 'Ava', 'Collins', 'ava.collins@example.com', 'Engineering');
INSERT INTO employee (id, first_name, last_name, email, department) VALUES (NEXT VALUE FOR employee_id_sequence, 'Ben', 'Hart', 'ben.hart@example.com', 'Finance');
INSERT INTO employee (id, first_name, last_name, email, department) VALUES (NEXT VALUE FOR employee_id_sequence, 'Chloe', 'Nguyen', 'chloe.nguyen@example.com', 'Operations');
INSERT INTO employee (id, first_name, last_name, email, department) VALUES (NEXT VALUE FOR employee_id_sequence, 'Daniel', 'Ortiz', 'daniel.ortiz@example.com', 'Engineering');
INSERT INTO employee (id, first_name, last_name, email, department) VALUES (NEXT VALUE FOR employee_id_sequence, 'Elena', 'Rossi', 'elena.rossi@example.com', 'HR');
INSERT INTO employee (id, first_name, last_name, email, department) VALUES (NEXT VALUE FOR employee_id_sequence, 'Finn', 'Patel', 'finn.patel@example.com', 'Sales');
INSERT INTO employee (id, first_name, last_name, email, department) VALUES (NEXT VALUE FOR employee_id_sequence, 'Grace', 'Lee', 'grace.lee@example.com', 'Support');
INSERT INTO employee (id, first_name, last_name, email, department) VALUES (NEXT VALUE FOR employee_id_sequence, 'Henry', 'Zhao', 'henry.zhao@example.com', 'Engineering');
INSERT INTO employee (id, first_name, last_name, email, department) VALUES (NEXT VALUE FOR employee_id_sequence, 'Iris', 'Kim', 'iris.kim@example.com', 'Product');
INSERT INTO employee (id, first_name, last_name, email, department) VALUES (NEXT VALUE FOR employee_id_sequence, 'Jacob', 'Smith', 'jacob.smith@example.com', 'Marketing');

INSERT INTO student (id, name) VALUES (1, 'Aarav Singh');
INSERT INTO student (id, name) VALUES (2, 'Bella Chen');
INSERT INTO student (id, name) VALUES (3, 'Carlos Rivera');
INSERT INTO student (id, name) VALUES (4, 'Dina Hassan');
INSERT INTO student (id, name) VALUES (5, 'Ethan Brooks');
INSERT INTO student (id, name) VALUES (6, 'Fatima Noor');
INSERT INTO student (id, name) VALUES (7, 'George Kim');
INSERT INTO student (id, name) VALUES (8, 'Hana Suzuki');
INSERT INTO student (id, name) VALUES (9, 'Isaac Wright');
INSERT INTO student (id, name) VALUES (10, 'Julia Martin');

INSERT INTO book (id, title, student_id) VALUES (1, 'Clean Code', 1);
INSERT INTO book (id, title, student_id) VALUES (2, 'Effective Java', 2);
INSERT INTO book (id, title, student_id) VALUES (3, 'Refactoring', 3);
INSERT INTO book (id, title, student_id) VALUES (4, 'Domain-Driven Design', 4);
INSERT INTO book (id, title, student_id) VALUES (5, 'The Pragmatic Programmer', 5);
INSERT INTO book (id, title, student_id) VALUES (6, 'Clean Architecture', 6);
INSERT INTO book (id, title, student_id) VALUES (7, 'Design Patterns', 7);
INSERT INTO book (id, title, student_id) VALUES (8, 'Test-Driven Development', 8);
INSERT INTO book (id, title, student_id) VALUES (9, 'Working Effectively with Legacy Code', 9);
INSERT INTO book (id, title, student_id) VALUES (10, 'Head First Java', 10);

INSERT INTO book (id, title, student_id) VALUES (11, 'Java Concurrency in Practice', 1);
INSERT INTO book (id, title, student_id) VALUES (12, 'Spring in Action', 2);
INSERT INTO book (id, title, student_id) VALUES (13, 'Microservices Patterns', 3);
INSERT INTO book (id, title, student_id) VALUES (14, 'Building Microservices', 4);
INSERT INTO book (id, title, student_id) VALUES (15, 'Release It', 5);
INSERT INTO book (id, title, student_id) VALUES (16, 'Patterns of Enterprise Application Architecture', 6);
INSERT INTO book (id, title, student_id) VALUES (17, 'Continuous Delivery', 7);
INSERT INTO book (id, title, student_id) VALUES (18, 'The Mythical Man-Month', 8);
INSERT INTO book (id, title, student_id) VALUES (19, 'Peopleware', 9);
INSERT INTO book (id, title, student_id) VALUES (20, 'The Clean Coder', 10);
INSERT INTO book (id, title, student_id) VALUES (21, 'Code Complete', 1);
INSERT INTO book (id, title, student_id) VALUES (22, 'Agile Principles Patterns and Practices', 2);
INSERT INTO book (id, title, student_id) VALUES (23, 'The Art of Computer Programming', 3);
INSERT INTO book (id, title, student_id) VALUES (24, 'The Algorithm Design Manual', 4);
INSERT INTO book (id, title, student_id) VALUES (25, 'Introduction to Algorithms', 5);
INSERT INTO book (id, title, student_id) VALUES (26, 'Designing Data-Intensive Applications', 6);
INSERT INTO book (id, title, student_id) VALUES (27, 'Site Reliability Engineering', 7);
INSERT INTO book (id, title, student_id) VALUES (28, 'The DevOps Handbook', 8);
INSERT INTO book (id, title, student_id) VALUES (29, 'Accelerate', 9);
INSERT INTO book (id, title, student_id) VALUES (30, 'Cracking the Coding Interview', 10);
INSERT INTO book (id, title, student_id) VALUES (31, 'Grokking Algorithms', 1);
INSERT INTO book (id, title, student_id) VALUES (32, 'Head First Design Patterns', 2);
INSERT INTO book (id, title, student_id) VALUES (33, 'Refactoring to Patterns', 3);
INSERT INTO book (id, title, student_id) VALUES (34, 'Agile Estimating and Planning', 4);
INSERT INTO book (id, title, student_id) VALUES (35, 'User Story Mapping', 5);
INSERT INTO book (id, title, student_id) VALUES (36, 'The Lean Startup', 6);
INSERT INTO book (id, title, student_id) VALUES (37, 'The Phoenix Project', 7);
INSERT INTO book (id, title, student_id) VALUES (38, 'The Unicorn Project', 8);
INSERT INTO book (id, title, student_id) VALUES (39, 'Practical Object-Oriented Design', 9);
INSERT INTO book (id, title, student_id) VALUES (40, 'Working with Legacy Systems', 10);
INSERT INTO book (id, title, student_id) VALUES (41, 'Clean Agile', 1);
INSERT INTO book (id, title, student_id) VALUES (42, 'Implementing Domain-Driven Design', 2);
INSERT INTO book (id, title, student_id) VALUES (43, 'Enterprise Integration Patterns', 3);
INSERT INTO book (id, title, student_id) VALUES (44, 'RESTful Web Services', 4);
INSERT INTO book (id, title, student_id) VALUES (45, 'API Design Patterns', 5);
INSERT INTO book (id, title, student_id) VALUES (46, 'Cloud Native Java', 6);
INSERT INTO book (id, title, student_id) VALUES (47, 'Kubernetes Up and Running', 7);
INSERT INTO book (id, title, student_id) VALUES (48, 'Docker Deep Dive', 8);
INSERT INTO book (id, title, student_id) VALUES (49, 'Effective Git', 9);
INSERT INTO book (id, title, student_id) VALUES (50, 'Pro Git', 10);
INSERT INTO book (id, title, student_id) VALUES (51, 'Git for Teams', 1);
INSERT INTO book (id, title, student_id) VALUES (52, 'Test-Driven Development by Example', 2);
INSERT INTO book (id, title, student_id) VALUES (53, 'Growing Object-Oriented Software', 3);
INSERT INTO book (id, title, student_id) VALUES (54, 'The Pragmatic Programmer 20th Anniversary', 4);
INSERT INTO book (id, title, student_id) VALUES (55, 'Designing Software Architectures', 5);
INSERT INTO book (id, title, student_id) VALUES (56, 'Software Architecture in Practice', 6);
INSERT INTO book (id, title, student_id) VALUES (57, 'Building Evolutionary Architectures', 7);
INSERT INTO book (id, title, student_id) VALUES (58, 'The Staff Engineers Path', 8);
INSERT INTO book (id, title, student_id) VALUES (59, 'The Manager Path', 9);
INSERT INTO book (id, title, student_id) VALUES (60, 'High Output Management', 10);
